,numMages,fightLength,numPIs,numWB,semiWB,rotation,dps,igniteDps,weightedTicks,stdDev,boxPlot,igniteDrops,percentDpsIncrease,percentIgniteDpsIncrease,totalCrit
445,8,100,0,3,2,1,7635.0,1326.0,44.24709410000017,191.9113569773166,"Boxplot values: 6708, 7508, 7641, 7635, 7767, 8372","Ignite Drop times on avg List(37.87572105897355, 55.67955553550074, 71.0273413043088, 83.5566601677575, 92.29995029039375, 97.0709096777207, 99.15081508610312, 99.81545008709254, 99.9679692095245, 99.9973865126701, 100.00020439632186)",1.0,1.0,0.0337481771561977
575,6,100,0,0,5,1,5776.0,1065.0,35.58181725999988,205.4562652854695,"Boxplot values: 5080, 5636, 5778, 5776, 5919, 6453","Ignite Drop times on avg List(29.984818772816443, 44.806368618202455, 56.55240158754166, 68.1015339931054, 78.93672713087899, 87.92262508811723, 94.22625459518521, 97.83755761266212, 99.35127190781196, 99.85141037926812, 99.96843233025267, 99.99812389801903, 100.0002070208424, 99.99935639641187)",1.0,1.0,0.08572959363097966
632,8,100,0,3,3,1,7696.0,1356.0,45.21896830000011,188.95630313347095,"Boxplot values: 6887, 7572, 7704, 7696, 7829, 8309","Ignite Drop times on avg List(38.87221919549219, 57.35031230463062, 72.98687842927617, 85.4295862094703, 93.58529558938375, 97.72506794362562, 99.36531523536993, 99.86951508067932, 99.98093329211008, 100.00027288982434)",1.0,1.0,0.029698433288719166
1571,6,100,0,0,3,1,5617.0,965.0,32.26642980000003,200.54094986035415,"Boxplot values: 4889, 5478, 5613, 5617, 5754, 6364","Ignite Drop times on avg List(27.944683623438443, 42.46624086110908, 53.290512775724345, 63.91943047341889, 74.34018423870216, 83.73584623498886, 91.35866302813521, 96.33052083776049, 98.7748323527878, 99.72127465795768, 99.97215254116537, 99.99954920767935, 99.99964135235969, 100.00040390926218)",1.0,1.0,0.11062714921037227
2090,8,100,0,0,8,1,7658.0,1333.0,44.53392020000022,192.52785034062993,"Boxplot values: 6944, 7526, 7664, 7658, 7790, 8257","Ignite Drop times on avg List(38.16678406052566, 56.254472738854005, 71.43970120133373, 83.90502109201303, 92.45603028578606, 97.12631377657462, 99.18410419970299, 99.83505672445806, 99.97920617211979, 99.99883183414474)",1.0,1.0,0.03281985231393677
2100,8,100,0,7,1,1,7983.0,1486.0,49.5730730000002,167.18605083981214,"Boxplot values: 7205, 7873, 7994, 7983, 8099, 8502","Ignite Drop times on avg List(45.68727578193935, 68.48161674846952, 84.8881083832433, 94.2157091433968, 98.2176490187162, 99.57378729042273, 99.9433383576726, 99.9898863756681, 99.99777034225635, 100.00022527118522)",1.0,1.0,0.014314772483717741
2208,6,100,0,1,4,1,5843.0,1107.0,36.981123959999906,206.50106688525355,"Boxplot values: 5088, 5703, 5845, 5843, 5986, 6606","Ignite Drop times on avg List(30.951478811340714, 45.98809803628936, 58.34183459943269, 70.29419912784836, 81.02831383470313, 89.64393962812125, 95.35008995416129, 98.36912806645732, 99.56194731601809, 99.91139492620268, 99.98600536900229, 100.00003772655367)",1.0,1.0,0.0761598925858714
3139,8,100,0,2,1,1,7446.0,1223.0,40.826255799999984,197.87036070852886,"Boxplot values: 6679, 7313, 7447, 7446, 7582, 8097","Ignite Drop times on avg List(35.0318769871774, 51.060912187466606, 64.65788439170993, 77.03688582558304, 87.19362647691928, 94.09599286142826, 97.8438634216947, 99.39506528493413, 99.86991484181077, 99.97921650757984, 99.99798085322529, 100.00013392926172)",1.0,1.0,0.04906397881163106
4082,7,100,0,2,4,1,6820.0,1266.0,42.262688599999926,195.69291688070047,"Boxplot values: 6150, 6686, 6827, 6820, 6953, 7490","Ignite Drop times on avg List(35.40997432169678, 52.38153819390632, 66.96017664737455, 79.47308591635306, 89.30862526388046, 95.44768380986193, 98.48728221872129, 99.62081804477089, 99.94092775354096, 99.99180128132728, 99.9988931386407)",1.0,1.0,0.04461969111009851
4408,4,100,0,2,2,1,4089.0,891.0,29.66035380000001,199.6407713791149,"Boxplot values: 3476, 3950, 4084, 4089, 4221, 4904","Ignite Drop times on avg List(28.72435868863088, 41.118207699318965, 51.77752343539279, 62.527552605965404, 73.05007480507884, 82.79147609289875, 90.58739663474135, 95.81016898335511, 98.53979793435057, 99.61661166730724, 99.92853417607934, 99.98977317838009, 99.99896136206802, 99.999377349803, 100.00017364463056)",1.0,1.0,0.13681034805179892
4601,5,100,0,1,4,1,4971.0,1007.0,33.474935999999936,204.9380398733317,"Boxplot values: 4297, 4826, 4968, 4971, 5109, 5712","Ignite Drop times on avg List(31.48853590782663, 44.55422996536939, 56.07140808295748, 67.37631453161585, 77.94648125187064, 87.01295557003023, 93.60093500576163, 97.4650317039989, 99.23770193455717, 99.83234511596132, 99.9790752989748, 99.99857582567198)",1.0,1.0,0.10164104433305249
5004,6,100,0,3,3,1,6040.0,1225.0,40.9776884000001,199.4678103543616,"Boxplot values: 5202, 5904, 6045, 6040, 6180, 6699","Ignite Drop times on avg List(33.91619364666141, 50.564699267933385, 64.47682875959194, 77.22142898829489, 87.37734287279434, 94.09368557583912, 97.85844560974998, 99.39135348125696, 99.87080518211644, 99.97471226523683, 99.99707238096615, 100.0006323347622)",1.0,1.0,0.05291172986923881
5165,4,100,0,1,3,1,4015.0,841.0,28.013070800000147,200.08172795328983,"Boxplot values: 3342, 3874, 4010, 4015, 4149, 4792","Ignite Drop times on avg List(28.073896253723262, 40.285615234969406, 50.60396891361389, 60.98504442903621, 71.34506879163955, 81.0212015318658, 89.10331225064573, 94.93464000095098, 98.10935885518884, 99.4767989280824, 99.89734417608318, 99.99163708785096, 100.00007045222912, 99.99996425271111)",1.0,1.0,0.15394453818698225
5525,7,100,0,5,0,1,6918.0,1321.0,44.062505300000275,189.46281223320187,"Boxplot values: 6121, 6791, 6922, 6918, 7051, 7524","Ignite Drop times on avg List(37.43139339427015, 55.18652766717332, 70.60420985376574, 83.36339785714165, 92.11358535989709, 96.98085114868113, 99.09507623431429, 99.77855616158848, 99.9629492388255, 99.9928043761851, 99.99946149801448)",1.0,1.0,0.035533453775771266
5852,3,100,0,1,0,1,2843.0,518.0,17.264507480000006,162.04659970960628,"Boxplot values: 2411, 2729, 2829, 2843, 2947, 3627","Ignite Drop times on avg List(22.849352681060076, 34.299507309446696, 43.48097315682866, 53.088533702632304, 62.89696098761261, 72.48073800215352, 81.71503939072913, 89.64801749523048, 95.30902585568595, 98.39958314025179, 99.6008371775041, 99.93559973262751, 99.99316845078467, 99.99987928283599, 100.00040066220501)",1.0,1.0,0.29897852053614
6038,8,100,0,3,5,1,7803.0,1405.0,46.9301085000001,181.8809143662533,"Boxplot values: 7145, 7684, 7811, 7803, 7928, 8360","Ignite Drop times on avg List(41.11156012549338, 61.00464842293911, 77.29563112486773, 89.01628863278606, 95.61893122636513, 98.62855629609201, 99.68681477975014, 99.95403865049013, 99.99394172880972, 100.000683469474)",1.0,1.0,0.022998524650485023
6152,7,100,0,0,7,1,6769.0,1234.0,41.26538789999988,199.79511544227637,"Boxplot values: 5940, 6634, 6772, 6769, 6909, 7445","Ignite Drop times on avg List(34.4956921890261, 50.898304229139775, 64.77739062645922, 77.33968088339616, 87.4368190244301, 94.26044821802024, 97.95134232254162, 99.47233606559621, 99.89790277883559, 99.98636414094453, 99.99851154004297, 99.99965905413248)",1.0,1.0,0.049770106070611476
6280,3,100,0,1,1,1,2936.0,582.0,19.373362139999962,174.94006682299462,"Boxplot values: 2454, 2812, 2924, 2936, 3048, 3690","Ignite Drop times on avg List(23.63630667369898, 35.05544807653887, 44.413272203049615, 54.083683707006905, 63.9239830839837, 73.52244312005666, 82.63266573484135, 90.25657309235945, 95.59148979479956, 98.46806284522482, 99.61966741381305, 99.92623453836296, 99.99174462784936, 100.00024479592149)",1.0,1.0,0.2636205299987246
6654,8,100,0,8,0,1,8020.0,1498.0,50.040212200000184,164.12933713548773,"Boxplot values: 7378, 7915, 8028, 8020, 8136, 8548","Ignite Drop times on avg List(46.97556537674312, 70.23545596723741, 86.24923225819738, 94.89901417668378, 98.52552061287474, 99.6956241881641, 99.9484234053611, 99.99352611453257)",1.0,1.0,0.012714683910911037
7046,5,100,0,0,1,1,4546.0,726.0,24.141690100000066,182.90382715843757,"Boxplot values: 3962, 4418, 4540, 4546, 4665, 5365","Ignite Drop times on avg List(27.204731677654205, 39.38018061945075, 48.72229818076067, 58.284545444819585, 67.80004443989088, 77.17888753229919, 85.72985457305089, 92.55203914025265, 97.00432630251734, 99.12074448841491, 99.82757430789113, 99.98280176253748, 99.99739479822361, 100.00005101286295, 100.00006971554937)",1.0,1.0,0.19027211910291814
7133,8,100,0,1,7,1,7710.0,1360.0,45.42956550000032,187.33586252666748,"Boxplot values: 6854, 7586, 7715, 7710, 7842, 8305","Ignite Drop times on avg List(39.26533946687565, 57.89339537165891, 73.44473999706999, 85.78004635288052, 93.72206916073884, 97.79757601136777, 99.40168926787655, 99.88510738978174, 99.98426568221421, 99.99957256443432)",1.0,1.0,0.029151287500317386
7965,7,100,0,3,1,1,6742.0,1224.0,40.874755899999926,199.259966268738,"Boxplot values: 6034, 6608, 6744, 6742, 6878, 7405","Ignite Drop times on avg List(34.336792626302966, 50.53687376808753, 64.33041054706817, 76.959637908176, 87.23353209291541, 94.07268111238534, 97.78510112860161, 99.39363816785718, 99.86927317729248, 99.98355377271473, 99.99756181432201, 100.00042972168345)",1.0,1.0,0.05116629110885446
8152,7,100,0,4,2,1,6923.0,1322.0,44.1371909000002,189.6422893847952,"Boxplot values: 6139, 6796, 6927, 6923, 7055, 7584","Ignite Drop times on avg List(37.17809840958317, 55.19421795596473, 70.49706348787207, 83.23868699812351, 92.0706825353556, 97.01744984221087, 99.1142201996748, 99.8039043922097, 99.96223559328868, 99.99630266562097, 99.999527642129)",1.0,1.0,0.03520726574455046
8218,8,100,0,2,0,1,7377.0,1184.0,39.52808750000001,200.44928737249532,"Boxplot values: 6639, 7244, 7378, 7377, 7515, 8052","Ignite Drop times on avg List(33.41592433452513, 49.294776775172046, 62.296047133252884, 74.461497874198, 84.86263449751222, 92.52284079516741, 97.07851557278867, 99.10120705777581, 99.81380485665689, 99.96201505192238, 99.99632047319987, 100.0002510133848)",1.0,1.0,0.0557544511801507
8253,4,100,0,0,1,1,3654.0,595.0,19.80041249999988,168.4372898942419,"Boxplot values: 3163, 3536, 3643, 3654, 3764, 4428","Ignite Drop times on avg List(24.65189938138631, 36.52169066779652, 45.719355103823396, 55.09289913728283, 64.47094578274684, 73.81206469788037, 82.68527139765612, 90.28952838544406, 95.65665509272239, 98.52838860432085, 99.65127382517721, 99.9433936202728, 99.9974779341378, 99.99998822803225)",1.0,1.0,0.2533582743439174
8504,5,100,0,4,1,1,5171.0,1134.0,37.65115640000005,197.36296709544587,"Boxplot values: 4414, 5038, 5173, 5171, 5305, 5915","Ignite Drop times on avg List(33.837187592393256, 48.13788445817363, 61.172799167328456, 73.56615844000333, 84.27245541009269, 92.15420884431485, 96.8637005370083, 99.01712696549113, 99.75885942682577, 99.95975658937577, 99.9935608712092, 99.99991056031423)",1.0,1.0,0.0712918397451318
8519,7,100,0,6,1,1,7081.0,1401.0,46.769934200000044,177.66869596752514,"Boxplot values: 6323, 6963, 7085, 7081, 7206, 7656","Ignite Drop times on avg List(40.79988148997933, 60.63665385440307, 76.83310410670407, 88.79066822947578, 95.58491780601865, 98.62808986290123, 99.66127311116254, 99.94419259398087, 99.9893623319912, 99.99767950161531, 100.00016644404495)",1.0,1.0,0.024450389559089694
8670,5,100,0,3,0,1,4951.0,999.0,33.11524589999989,202.0306329342717,"Boxplot values: 4256, 4814, 4946, 4951, 5085, 5739","Ignite Drop times on avg List(31.395303288917226, 44.39879537539165, 55.74131584482172, 67.10811462052749, 77.916533744159, 86.96372479228216, 93.67116239635767, 97.53184285922818, 99.29246142360968, 99.85839144962279, 99.98086765019676, 99.99893750923206, 100.00008768273321)",1.0,1.0,0.10348189898102905
8717,6,100,0,2,2,1,5838.0,1107.0,36.992462979999864,202.2187317651725,"Boxplot values: 5104, 5701, 5841, 5838, 5975, 6543","Ignite Drop times on avg List(31.17790282078138, 46.22614319443999, 58.642184268210165, 70.67548161141325, 81.41942505632565, 89.99312638171729, 95.6615977972107, 98.51127278281305, 99.62104105943556, 99.92989897897873, 99.98829778413408, 99.99857937013442)",1.0,1.0,0.07685769552029388
8843,4,100,0,0,0,1,3562.0,533.0,17.736640899999884,155.07048304089986,"Boxplot values: 3102, 3451, 3553, 3562, 3662, 4235","Ignite Drop times on avg List(23.96077541269391, 35.83569051788103, 44.88958336362602, 54.11098877028859, 63.47118616568974, 72.78009717883386, 81.75605703714524, 89.57212953072914, 95.1968766609939, 98.36157788763975, 99.61941900121259, 99.93700849018595, 99.99230585352866, 100.00015021035227)",1.0,1.0,0.2875920758785951
8886,6,100,0,1,1,1,5606.0,959.0,32.058193639999985,201.22498237002438,"Boxplot values: 4840, 5465, 5603, 5606, 5743, 6394","Ignite Drop times on avg List(27.843694766507053, 42.40666547082233, 53.09317570330122, 63.98713777213425, 74.40125172570107, 83.87535668030522, 91.40374841152683, 96.34403410449134, 98.78459194256871, 99.71675574561647, 99.95129761807308, 99.99403274600904, 99.99917835476687, 99.99996937493748)",1.0,1.0,0.1116407529160071
8899,6,100,0,2,3,1,5909.0,1148.0,38.35496632000017,200.45911686488063,"Boxplot values: 5156, 5774, 5908, 5909, 6047, 6578","Ignite Drop times on avg List(31.77281489407494, 47.260355543113185, 60.12174449548997, 72.30947695031179, 83.1081068679199, 91.35826548357183, 96.43144892323997, 98.86025289733918, 99.73299048264316, 99.95162330163991, 99.99638725602742, 99.99979970179159)",1.0,1.0,0.06765842450693055
9255,7,100,0,5,2,1,7032.0,1377.0,45.99899260000017,182.18810728511775,"Boxplot values: 6296, 6912, 7038, 7032, 7159, 7636","Ignite Drop times on avg List(39.561126457331746, 58.98445852118855, 75.12154635238464, 87.32574855448746, 94.79557076643874, 98.314453922299, 99.57775939162053, 99.92103110973372, 99.99090242418802, 100.00011907911173)",1.0,1.0,0.02752535402807826
9430,5,100,0,4,0,1,5096.0,1090.0,36.11195499999994,202.14739027124645,"Boxplot values: 4376, 4955, 5099, 5096, 5236, 5720","Ignite Drop times on avg List(33.0898009021364, 46.666103259150475, 59.23473824337659, 71.54252406624106, 82.22192982961978, 90.52348793113266, 96.00140497867794, 98.68790602937214, 99.67000581039582, 99.94648374674956, 99.99273221428196, 99.99941082675288, 99.9996672984571, 100.00014704098756)",1.0,1.0,0.0809618748357657
9516,8,100,0,1,6,1,7652.0,1333.0,44.455667299999895,192.58485555683913,"Boxplot values: 6735, 7521, 7660, 7652, 7786, 8326","Ignite Drop times on avg List(37.84101464833623, 56.01906457737116, 71.52496818898456, 83.93280554760331, 92.41281525410066, 97.15493000766591, 99.17259010566762, 99.83285453223229, 99.96989153240023, 99.99968930602901)",1.0,1.0,0.033126421361279565
9567,3,100,0,2,1,1,3114.0,705.0,23.530425380000104,192.3580862928873,"Boxplot values: 2532, 2979, 3104, 3114, 3240, 3980","Ignite Drop times on avg List(25.18864307298448, 36.89486924894802, 46.656046609768374, 56.7427645085975, 66.93164243633537, 76.69479002192715, 85.49433308460878, 92.3614420182626, 96.76206914756986, 98.97765258832199, 99.75584310944598, 99.96579778350028, 99.99789148406084, 100.00007437702779)",1.0,1.0,0.20666181141713733
10627,8,100,0,0,7,1,7595.0,1300.0,43.416495100000134,193.3361278090757,"Boxplot values: 6766, 7466, 7600, 7595, 7730, 8209","Ignite Drop times on avg List(36.73624296701665, 53.80035128601738, 68.63201348715886, 81.38055552702083, 90.65891156882947, 96.22416841584483, 98.80733997167087, 99.71757200248106, 99.94644046320228, 99.99053071608378, 99.99935972454745, 100.00026879384679)",1.0,1.0,0.03729523976443917
11719,5,100,0,0,3,1,4724.0,846.0,28.068579000000113,196.67582249616638,"Boxplot values: 4121, 4586, 4719, 4724, 4857, 5481","Ignite Drop times on avg List(28.753796742046486, 40.99138076803806, 51.08672975754818, 61.18260228327331, 71.29622419670827, 80.77576774279154, 88.90288841585415, 94.78412339118633, 98.11658943626445, 99.49476168332941, 99.91864881570226, 99.98902270926337, 99.99935561784555)",1.0,1.0,0.14753453297882474
12071,8,100,0,0,1,1,7176.0,1060.0,35.402163499999894,202.856843183766,"Boxplot values: 6443, 7037, 7174, 7176, 7314, 7911","Ignite Drop times on avg List(30.808734475681447, 45.74840723476004, 57.07949387607106, 68.02382479295277, 78.55640442414723, 87.55760018096427, 93.98046503193888, 97.692482400914, 99.35649344600404, 99.87355256568758, 99.98130428264179, 99.99698928935032, 99.99985623613945)",1.0,1.0,0.08030712711485222
12214,7,100,0,2,1,1,6610.0,1148.0,38.35897449999995,200.90161079274688,"Boxplot values: 5894, 6473, 6612, 6610, 6748, 7339","Ignite Drop times on avg List(32.28568190222009, 47.837314586407764, 60.553619133394676, 72.5373270992865, 83.24754416153537, 91.39102819092801, 96.39922257820969, 98.85630566785092, 99.71326834147295, 99.953751910511, 99.99433834009781, 99.99918052613799, 99.99997567207537)",1.0,1.0,0.06544603227972501
12230,7,100,0,2,3,1,6750.0,1227.0,40.963735999999756,197.8858129757037,"Boxplot values: 5838, 6616, 6752, 6750, 6883, 7447","Ignite Drop times on avg List(34.65952766629348, 50.78472797144826, 64.70429310720482, 77.21796992563682, 87.32508274438257, 94.22197694466506, 97.91296199032142, 99.40756136598226, 99.87602280130304, 99.9843130401471, 99.99878938518223, 99.9990866395338, 99.99997031611949)",1.0,1.0,0.05069659762318918
12620,7,100,0,0,3,1,6478.0,1063.0,35.55226839999988,204.22031803322557,"Boxplot values: 5762, 6340, 6475, 6478, 6615, 7331","Ignite Drop times on avg List(30.426639841840313, 45.365658109195905, 57.03152768668696, 68.31988901511014, 78.91918539604447, 87.85791934386503, 94.25384490256835, 97.81412713063945, 99.39122939678236, 99.87401158364776, 99.98408909236373, 99.99965649748817)",1.0,1.0,0.08294258821149338
12627,7,100,0,4,3,1,6987.0,1355.0,45.262581320000045,185.73954691615668,"Boxplot values: 6168, 6867, 6992, 6987, 7116, 7572","Ignite Drop times on avg List(38.686171694599516, 57.45040070762304, 73.17497276045867, 85.67768640529138, 93.61594942631687, 97.74452316890995, 99.38385919388209, 99.87402979255337, 99.98256405364762, 99.99721765517174)",1.0,1.0,0.030987036527169824
12998,7,100,0,3,4,1,6933.0,1326.0,44.310622400000184,187.83694325599987,"Boxplot values: 6242, 6810, 6938, 6933, 7063, 7529","Ignite Drop times on avg List(37.7265660153923, 55.527475409249696, 70.8342220012993, 83.4837165084978, 92.2278104876304, 97.04638709251488, 99.13245850355693, 99.7983054779993, 99.96685106211036, 99.99825320448684, 100.00027516300916)",1.0,1.0,0.034884072036155206
13082,8,100,0,0,4,1,7397.0,1192.0,39.806969400000156,200.29247456090812,"Boxplot values: 6537, 7262, 7398, 7397, 7534, 8047","Ignite Drop times on avg List(33.6384359150142, 49.49187824632017, 62.63579780234102, 74.7642297676308, 85.24981660626399, 92.84531555464157, 97.24382071930684, 99.16981959850308, 99.83609717650172, 99.97859867523944, 100.00032299658696)",1.0,1.0,0.054727265239016894
13420,4,100,0,2,0,1,3918.0,778.0,25.86894639999999,193.8131194876253,"Boxplot values: 3332, 3781, 3910, 3918, 4051, 4658","Ignite Drop times on avg List(26.996960672048626, 39.270526720539266, 49.19516139253758, 59.3135016029272, 69.38225186302945, 78.96677847936269, 87.45109929132194, 93.89120696786786, 97.68868286762537, 99.36476457572135, 99.86298806843914, 99.97214000655008, 99.99793762113391, 99.99965968690938)",1.0,1.0,0.17627981835034193
13646,5,100,0,0,4,1,4810.0,902.0,29.94168980000001,199.1768925702336,"Boxplot values: 4064, 4670, 4807, 4810, 4942, 5620","Ignite Drop times on avg List(29.64998263693996, 42.0663742214761, 52.523889101951724, 63.003842507119934, 73.25019339944677, 82.72794068559612, 90.59924641507075, 95.87846003646517, 98.61386152586451, 99.6634198919295, 99.94826998469827, 99.9943521824564, 99.99974657440379)",1.0,1.0,0.12991310173258
13681,6,100,0,3,1,1,5901.0,1145.0,38.25558175999996,201.33193093088872,"Boxplot values: 5132, 5764, 5899, 5901, 6039, 6586","Ignite Drop times on avg List(31.830422924603475, 47.219987970655026, 60.04095365407503, 72.357239264711, 83.1873401771401, 91.38363642742209, 96.48348183713229, 98.86681997297917, 99.71137384991691, 99.9507242808177, 99.99699302205829, 99.99977499083583)",1.0,1.0,0.06827833408868456
13974,8,100,0,0,0,1,7092.0,1007.0,33.66443299999985,201.32459347460963,"Boxplot values: 6393, 6955, 7088, 7092, 7229, 7905","Ignite Drop times on avg List(29.644207277318834, 44.47287096313981, 55.24772639946842, 65.91221739081665, 76.16397083927542, 85.35331518467375, 92.50585673313391, 96.97151356397198, 99.15726482014772, 99.8201412306297, 99.9780509032062, 99.99789858431002, 100.00062563660795)",1.0,1.0,0.09125798409732226
14275,6,100,0,1,2,1,5690.0,1013.0,33.870753619999874,203.41298705048217,"Boxplot values: 5022, 5550, 5688, 5690, 5825, 6486","Ignite Drop times on avg List(29.05964293349794, 43.55230502397844, 54.880108475412555, 66.0324444770282, 76.60939720435474, 85.95273197908273, 92.95629010450287, 97.17939222685827, 99.13240904371958, 99.80855748970032, 99.9698592840771, 100.00130440578238)",1.0,1.0,0.09827821927174626
14473,7,100,0,1,1,1,6469.0,1061.0,35.45013230000007,206.66617437932393,"Boxplot values: 5654, 6330, 6467, 6469, 6608, 7212","Ignite Drop times on avg List(30.447955618953433, 45.362192676187725, 57.00876653055544, 68.35107335194249, 78.97144947080905, 87.87916936950646, 94.16099502269437, 97.79540301647806, 99.36038602877939, 99.86792589864326, 99.98373516434654, 99.99725372673917, 100.00015430438017)",1.0,1.0,0.08371103412687247
14957,3,100,0,1,2,1,3026.0,642.0,21.45238590000004,183.65331254792176,"Boxplot values: 2491, 2897, 3015, 3026, 3145, 3951","Ignite Drop times on avg List(24.256814754237787, 35.94009833010613, 45.40220554091763, 55.07819084599572, 64.92993920683429, 74.61114085933562, 83.64155104211768, 91.14027605781621, 96.19908292523057, 98.76045928630595, 99.70801769066276, 99.95071213046194, 99.99087365269293, 99.99688450424092, 99.9992121044813)",1.0,1.0,0.2324440689323965
15091,8,100,0,6,0,1,7838.0,1423.0,47.41263010000002,178.55673184840782,"Boxplot values: 7108, 7721, 7846, 7838, 7962, 8393","Ignite Drop times on avg List(41.82173719233064, 62.24001354186935, 78.72099967539219, 89.93590566505284, 96.21562656319016, 98.85322704425403, 99.73674304707752, 99.9493640849288, 99.98945394594865, 99.9996357981002)",1.0,1.0,0.020811189018707196
15139,4,100,0,3,1,1,4162.0,940.0,31.285448699999897,201.43358379723355,"Boxplot values: 3474, 4024, 4157, 4162, 4298, 4900","Ignite Drop times on avg List(29.28273276106345, 42.021836849254676, 53.0839347635795, 64.37426317163495, 75.13873229704384, 84.64418088844185, 92.09005155974731, 96.64486742495372, 98.92377746143359, 99.74808107059222, 99.95890328039141, 99.9953634397409, 100.00047484389121)",1.0,1.0,0.12158321142462657
15223,7,100,0,0,4,1,6554.0,1111.0,37.0991103999997,203.63951258536468,"Boxplot values: 5762, 6414, 6555, 6554, 6693, 7274","Ignite Drop times on avg List(31.538744803041894, 46.69813149670547, 58.82579835035282, 70.41760617451047, 81.02954248504943, 89.71147711395899, 95.418747303376, 98.42897751417152, 99.59962912318271, 99.92821122287482, 99.99431126753694, 99.99953117746405, 100.00028119915598)",1.0,1.0,0.07300041500568301
15598,7,100,0,0,0,1,6226.0,903.0,30.208959000000025,198.85267681517442,"Boxplot values: 5626, 6089, 6223, 6226, 6357, 7015","Ignite Drop times on avg List(27.14235025992197, 41.82496507667734, 51.99445900232289, 62.05862965792174, 71.93511813781348, 81.29791190869327, 89.25587781587463, 95.0006835835524, 98.27038540079826, 99.57927155234609, 99.9322544647843, 99.99039574510772, 99.99930780875091)",1.0,1.0,0.12165622778649822
15993,8,100,0,0,3,1,7331.0,1153.0,38.51363340000014,204.6102478406386,"Boxplot values: 6597, 7190, 7333, 7331, 7471, 8218","Ignite Drop times on avg List(32.89764817445716, 48.301141804635414, 60.81813478536103, 72.74811796802837, 83.2724308003987, 91.3022889693708, 96.31297450293121, 98.80124693353426, 99.71319987838405, 99.9716223182839, 99.99934545493514, 100.00024628381927)",1.0,1.0,0.06218999583597958
16151,6,100,0,2,0,1,5681.0,1010.0,33.746904839999836,200.5340724767119,"Boxplot values: 4962, 5543, 5680, 5681, 5817, 6586","Ignite Drop times on avg List(28.88957218948924, 43.49370782577907, 54.836109135736784, 65.9903144550043, 76.65208915726313, 85.97600139056426, 92.86834813369337, 97.10657983740114, 99.1073721393862, 99.83101405687674, 99.98209352122542, 99.99989916714088, 100.0001185497574)",1.0,1.0,0.09917867786575382
16196,7,100,0,2,5,1,6882.0,1300.0,43.44165759999999,192.95780956649816,"Boxplot values: 6097, 6751, 6884, 6882, 7015, 7497","Ignite Drop times on avg List(36.52704237710918, 54.27089235072871, 69.19982285849439, 81.80978776947516, 90.96478749665883, 96.34419703297056, 98.8816992933737, 99.7531899753406, 99.96305808134697, 99.99644713874274, 100.0003278351926)",1.0,1.0,0.039271212035932306
16202,7,100,0,7,0,1,7129.0,1424.0,47.58213900000018,177.92362369984463,"Boxplot values: 6341, 7013, 7138, 7129, 7253, 7724","Ignite Drop times on avg List(42.08540043475514, 62.92918044174264, 79.4183246389145, 90.60191121935706, 96.4804934121458, 98.97473180954334, 99.78045064957601, 99.96968718374903, 99.99598571204471, 100.00051195311279)",1.0,1.0,0.021718941343367004
16513,7,100,0,1,5,1,6761.0,1231.0,41.08649159999985,197.73922479734608,"Boxplot values: 5966, 6626, 6766, 6761, 6899, 7411","Ignite Drop times on avg List(34.31695794866752, 50.532239933180755, 64.41857372638388, 77.14819178244626, 87.41446078139086, 94.23308197036305, 97.93081097267691, 99.43017752147344, 99.894883078349, 99.98693041365856, 99.99853613537621)",1.0,1.0,0.0502312158037732
16646,4,100,0,1,1,1,3831.0,717.0,23.82559190000001,187.7447331861124,"Boxplot values: 3183, 3700, 3820, 3831, 3954, 4679","Ignite Drop times on avg List(26.0295393035111, 38.11542566980022, 47.78820288270041, 57.5224396663964, 67.26983116169195, 76.81435304144517, 85.49401693902561, 92.44401547933779, 96.86802456391105, 99.03553696088234, 99.78328760269459, 99.96017099875475, 99.99504662048913, 99.99888148644756, 99.99999262847865)",1.0,1.0,0.19835718287445495
17240,8,100,0,0,6,1,7535.0,1269.0,42.35450230000021,196.94938758679402,"Boxplot values: 6703, 7404, 7539, 7535, 7673, 8219","Ignite Drop times on avg List(35.90385486976937, 52.799131236426334, 66.93712157393786, 79.56034420796303, 89.31250062823185, 95.3527981283209, 98.42359912740297, 99.60410000140476, 99.92166353653278, 99.99009692738927, 99.99995560527239)",1.0,1.0,0.04238090091881224
17525,5,100,0,2,1,1,4878.0,950.0,31.516032899999942,204.28189807798023,"Boxplot values: 4252, 4736, 4873, 4878, 5017, 5697","Ignite Drop times on avg List(30.352528106186487, 43.1846736278361, 54.11329609539164, 65.04013521621467, 75.57765268493563, 84.98021004039808, 92.22342175892118, 96.72409616711842, 98.96455089980414, 99.76892894478117, 99.96218749952587, 99.99424997882689, 100.0001392590094)",1.0,1.0,0.11646823353623882
17881,4,100,0,1,0,1,3739.0,656.0,21.826360599999933,177.67633777077893,"Boxplot values: 3215, 3614, 3729, 3739, 3853, 4480","Ignite Drop times on avg List(25.391624959567853, 37.30700832539208, 46.741476038663045, 56.303020461934906, 65.87480080608351, 75.3515048382886, 84.20223024855606, 91.42487575027978, 96.36834430064934, 98.84068130204626, 99.730856559097, 99.96487979144155, 99.9951283701213, 100.00009219500083)",1.0,1.0,0.22515923009034403
18062,3,100,0,0,3,1,2940.0,581.0,19.418008279999874,172.20599389820953,"Boxplot values: 2362, 2820, 2930, 2940, 3050, 3794","Ignite Drop times on avg List(23.442512469175593, 34.93458264799758, 44.15963251488019, 53.74060288819045, 63.261226329516376, 72.81200006722962, 81.84820096364153, 89.75037909109675, 95.36203634898922, 98.46992878437527, 99.63844083079037, 99.95137802949378, 99.99638340767078, 100.00015989828249, 100.00025061755552)",1.0,1.0,0.2614428123480982
18187,7,100,0,1,6,1,6826.0,1268.0,42.39303419999997,194.26148359880412,"Boxplot values: 6046, 6695, 6830, 6826, 6963, 7443","Ignite Drop times on avg List(35.6312697476435, 52.48199441576117, 66.87894070766224, 79.69917075145963, 89.38250892382264, 95.50869809511366, 98.47582718421552, 99.61000463147779, 99.92109942692599, 99.98697791939097, 99.99966769602854, 100.00015724838245)",1.0,1.0,0.04421009374056817
18817,7,100,0,5,1,1,6976.0,1350.0,45.06011884000002,185.23724798556046,"Boxplot values: 6253, 6853, 6980, 6976, 7107, 7622","Ignite Drop times on avg List(38.24012710065187, 56.66552254454428, 72.51144978658223, 85.11250495604772, 93.45135856613958, 97.6978261224602, 99.4157473771979, 99.87586799191206, 99.97946373737419, 99.99908748373774)",1.0,1.0,0.031274125008039125
18856,8,100,0,5,1,1,7791.0,1403.0,46.81132500000013,180.89074290643552,"Boxplot values: 7132, 7670, 7798, 7791, 7917, 8374","Ignite Drop times on avg List(40.84391237544662, 60.80902547772349, 76.93006558821348, 88.68859967549477, 95.47099417132708, 98.5846142462845, 99.67463285852261, 99.94712175389623, 99.99301604051502, 99.9991925148283)",1.0,1.0,0.02343018811995719
19085,8,100,0,1,4,1,7523.0,1264.0,42.18527060000039,197.72454892923162,"Boxplot values: 6793, 7388, 7525, 7523, 7662, 8198","Ignite Drop times on avg List(35.83033419900664, 52.63774096013246, 66.74330076730284, 79.29783964176895, 88.95233981778865, 95.22596439901, 98.43781341228758, 99.58718781747058, 99.92681013072323, 99.99351682487469, 100.0001895475119, 100.00021187891961)",1.0,1.0,0.04277677937359409
19486,6,100,0,5,1,1,6155.0,1290.0,43.133025760000194,190.69690793240648,"Boxplot values: 5357, 6028, 6160, 6155, 6287, 6767","Ignite Drop times on avg List(35.81529522151206, 53.19876925457247, 68.40992463381453, 81.38696901155863, 90.87714364041238, 96.27434795289021, 98.81765124096108, 99.71828780855645, 99.94837884767112, 99.98885600440111, 99.99920884684681, 99.99955594691362)",1.0,1.0,0.04175832555906736
19538,7,100,0,1,3,1,6615.0,1147.0,38.350084519999974,204.59265616621718,"Boxplot values: 5859, 6477, 6617, 6615, 6754, 7430","Ignite Drop times on avg List(32.284055036488006, 47.683230054212444, 60.1973760428966, 72.26555526736372, 82.94445270514487, 91.15658195909876, 96.3337231042094, 98.81303459329708, 99.712144696314, 99.94607311707057, 99.9898226696199, 99.99966163103726)",1.0,1.0,0.06484525441683418
19629,8,100,0,1,3,1,7457.0,1229.0,41.03720719999982,198.7225200383026,"Boxplot values: 6647, 7325, 7458, 7457, 7590, 8248","Ignite Drop times on avg List(34.798254594290384, 51.14617041013821, 64.6733062688149, 77.18030666434647, 87.27852576070298, 94.26643431932233, 97.94845847706695, 99.4473055050712, 99.89903986404023, 99.98903999312562, 99.99805311999094, 99.99982170231522)",1.0,1.0,0.04860991535940709
20373,3,100,0,3,0,1,3191.0,758.0,25.353088640000077,194.18603115876564,"Boxplot values: 2537, 3056, 3181, 3191, 3318, 4028","Ignite Drop times on avg List(25.80737995264405, 37.773247341648855, 47.80700221752343, 58.13784461645528, 68.49217105752471, 78.29933779506871, 86.89702880989297, 93.38812209426995, 97.37133996062624, 99.20568466966361, 99.83798298117577, 99.97525475129918, 99.99641037438373, 99.99969860191082)",1.0,1.0,0.18373927325559705
21227,5,100,0,2,0,1,4791.0,894.0,29.64489550000017,200.10890171632798,"Boxplot values: 4047, 4651, 4784, 4791, 4924, 5605","Ignite Drop times on avg List(29.674496866582537, 42.32387004106459, 52.74482356994968, 63.27351720848491, 73.47000034180658, 82.9797442991669, 90.73890565571583, 95.89751273127128, 98.60588079087654, 99.6459468691086, 99.93548296312115, 99.99336750998842, 99.99960683934862, 100.00009380409088, 100.00014116052192)",1.0,1.0,0.13226600098432156
21460,6,100,0,3,0,1,5828.0,1101.0,36.780817039999924,204.52183968784092,"Boxplot values: 5078, 5686, 5826, 5828, 5964, 6621","Ignite Drop times on avg List(30.924568363131613, 46.02961484303454, 58.32504764674434, 70.18545090109404, 80.9011597903649, 89.61163413016442, 95.3898202401918, 98.36624909220524, 99.55468515081681, 99.90608722508036, 99.9834491336862, 99.99945141494047, 99.9998698224125)",1.0,1.0,0.07756189196340914
21753,7,100,0,2,0,1,6536.0,1104.0,36.86907179999999,203.3789825789756,"Boxplot values: 5795, 6398, 6538, 6536, 6676, 7321","Ignite Drop times on avg List(31.36293213588149, 46.564144555039455, 58.60856470817011, 70.33315431979385, 80.98356967775753, 89.56058507120974, 95.37070207657716, 98.36351501501375, 99.56922469317875, 99.92178948339956, 99.98568606720897, 99.9983311562524, 99.9999536238683)",1.0,1.0,0.07435934857398757
21833,8,100,0,6,2,1,7941.0,1467.0,48.95813120000005,170.19556334720488,"Boxplot values: 7316, 7830, 7947, 7941, 8062, 8498","Ignite Drop times on avg List(44.6222073344485, 66.6961371435133, 83.20478597346315, 93.15473131987933, 97.74308737491768, 99.42675465743186, 99.87892955207676, 99.98066819702888, 99.99759573140642, 99.99923284869803)",1.0,1.0,0.016116225357734444
21954,7,100,0,0,1,1,6314.0,961.0,32.146610099999826,199.56451572588702,"Boxplot values: 5652, 6177, 6310, 6314, 6448, 7031","Ignite Drop times on avg List(28.136333348506916, 42.85820373256809, 53.4512503300383, 63.90476905827535, 74.09824015686682, 83.53049054098625, 91.17219176340878, 96.24149938639884, 98.77980526234339, 99.72860400511638, 99.95318516052585, 99.99546866925733, 99.99941869549248)",1.0,1.0,0.10707352287819778
22053,6,100,0,1,5,1,5918.0,1152.0,38.539025139999865,201.6078288629656,"Boxplot values: 5197, 5782, 5922, 5918, 6052, 6603","Ignite Drop times on avg List(32.07708283345937, 47.45238196555356, 60.37727528261722, 72.64045290150779, 83.42911106620772, 91.44807527931833, 96.36704706628036, 98.7951661136398, 99.69477873474858, 99.94731069708594, 99.99590737273796, 99.99999060200017)",1.0,1.0,0.06704414318038633
22283,5,100,0,0,5,1,4894.0,957.0,31.801897599999933,201.4834955547934,"Boxplot values: 4235, 4755, 4892, 4894, 5029, 5752","Ignite Drop times on avg List(30.71531517217629, 43.55358886878461, 54.362309050764885, 65.20446865377565, 75.60713967641628, 84.98903217330273, 92.21094968116594, 96.81693831161861, 99.00023945709471, 99.77341421455658, 99.96524534915417, 99.9950436914998, 99.99970588051289)",1.0,1.0,0.11439636308200501
22686,6,100,0,1,0,1,5517.0,902.0,30.164087360000057,200.9511918138459,"Boxplot values: 4749, 5378, 5515, 5517, 5654, 6315","Ignite Drop times on avg List(26.81739660676804, 41.26285564817776, 51.65128599870819, 61.79736020709871, 71.95820175839094, 81.47423127907415, 89.4918281484006, 95.15139375521053, 98.27278034760687, 99.5368024169064, 99.90981213898014, 99.98674872754842, 99.99647515882398, 99.99914742094394, 100.00056108745501)",1.0,1.0,0.1268201418789452
22697,6,100,0,2,1,1,5757.0,1056.0,35.28161933999979,203.2840756788901,"Boxplot values: 4955, 5620, 5754, 5757, 5894, 6512","Ignite Drop times on avg List(29.687005372920282, 44.57707751552572, 56.209951911230746, 67.77845315204631, 78.6416547791087, 87.64790551196073, 94.13811867331528, 97.82942526101655, 99.38938487704965, 99.86112487929304, 99.979539650974, 99.99706879235472, 100.00042626549008)",1.0,1.0,0.08730775810608939
22976,7,100,0,0,2,1,6394.0,1012.0,33.786378999999926,203.2625257985555,"Boxplot values: 5665, 6255, 6391, 6394, 6533, 7196","Ignite Drop times on avg List(29.46751621098831, 44.1894031983124, 55.140432448448976, 65.9454500519821, 76.31829669526937, 85.48218754165741, 92.58387557673242, 97.01242438763717, 99.06227394914995, 99.7949294855313, 99.97578982575102, 99.99968257541651, 100.00075973556984)",1.0,1.0,0.09423881958322841
23255,7,100,0,3,3,1,6873.0,1295.0,43.241717640000076,193.54321072832582,"Boxplot values: 6195, 6742, 6878, 6873, 7008, 7544","Ignite Drop times on avg List(36.368052947510826, 53.71409415340762, 68.78930474962297, 81.5350607890024, 90.7275239186583, 96.19901840689269, 98.80588545395415, 99.72401405770111, 99.96264006741353, 99.99821773288164, 99.99914103990923)",1.0,1.0,0.039635051688536926
23417,7,100,0,3,2,1,6807.0,1261.0,42.08179360000013,198.29686910345532,"Boxplot values: 6041, 6674, 6810, 6807, 6944, 7433","Ignite Drop times on avg List(35.18596583019085, 52.05494054959825, 66.4125766905101, 79.17537016905747, 89.0094971380912, 95.24205341549053, 98.42782688745018, 99.63928664253802, 99.93618039657532, 99.99211080502302, 100.0012218242362)",1.0,1.0,0.045033083314494175
23645,7,100,0,3,0,1,6672.0,1185.0,39.56368459999996,200.20816925087902,"Boxplot values: 5939, 6538, 6673, 6672, 6809, 7326","Ignite Drop times on avg List(33.358396912132335, 49.13541868763796, 62.46684559211176, 74.94495412871235, 85.31083091826409, 92.82948363984572, 97.21246688391956, 99.16787577965393, 99.82049328174818, 99.97599854981881, 99.99706095005571, 100.00031341538997)",1.0,1.0,0.058134801198331955
23746,8,100,0,4,2,1,7740.0,1377.0,45.93872800000013,184.9038588082727,"Boxplot values: 6899, 7618, 7745, 7740, 7869, 8290","Ignite Drop times on avg List(39.64044920528152, 58.78669983118364, 74.67712113293057, 86.7471967119803, 94.35646928488941, 98.04074789144221, 99.49465324758552, 99.9193006547941, 99.99058059723448, 99.999693877378)",1.0,1.0,0.02637877705320489
24333,7,100,0,1,0,1,6391.0,1012.0,33.81314793999987,203.5358621004332,"Boxplot values: 5678, 6255, 6389, 6391, 6528, 7177","Ignite Drop times on avg List(29.490441383191403, 44.18447715614942, 55.12641676432635, 66.10059652714114, 76.58797705028019, 85.81718454381785, 92.83010747077682, 97.0900482552392, 99.08002923993905, 99.79458068662505, 99.97376880549247, 99.99636405261428, 100.00029152610793)",1.0,1.0,0.09511192274458892
24531,8,100,0,1,2,1,7389.0,1189.0,39.7057693999999,201.947883735099,"Boxplot values: 6677, 7250, 7391, 7389, 7526, 8096","Ignite Drop times on avg List(34.00196279676252, 49.625387100901804, 62.60458209115034, 74.77084662753036, 85.27137100561447, 92.84448511756062, 97.17691274694917, 99.17269547246492, 99.82203811070585, 99.96952370330177, 99.9966801457278, 99.99902271853512)",1.0,1.0,0.05523847063407826
24536,8,100,0,5,2,1,7845.0,1427.0,47.5811281,177.18220871220902,"Boxplot values: 7050, 7729, 7852, 7845, 7970, 8394","Ignite Drop times on avg List(41.96847525583142, 62.37743438735651, 79.06278754669376, 90.43739689383271, 96.42074783025686, 98.94575061630033, 99.77872203781547, 99.96034654153993, 99.99536704977947, 100.00000393329212)",1.0,1.0,0.02061859150502003
24621,6,100,0,6,0,1,6211.0,1321.0,44.215419600000175,188.6144519862846,"Boxplot values: 5461, 6086, 6220, 6211, 6343, 6835","Ignite Drop times on avg List(37.09886951763367, 55.21069388386373, 70.96010572024234, 83.62322153206166, 92.29956658580168, 97.06573133573134, 99.1331193031497, 99.80653813024473, 99.96724340738128, 99.99570741017182, 100.00032495300407)",1.0,1.0,0.037096986634906515
25090,8,100,0,4,4,1,7854.0,1430.0,47.75903770000028,175.29985120304062,"Boxplot values: 7086, 7739, 7860, 7854, 7978, 8444","Ignite Drop times on avg List(42.47512922992818, 63.193472734788756, 79.62707704129156, 90.81532397448281, 96.72439239085337, 99.14458538128022, 99.8206156696187, 99.97087324639521, 99.99897551200014, 99.99991125895144)",1.0,1.0,0.02042777638840038
25208,7,100,0,1,2,1,6542.0,1105.0,36.93154849999971,204.36571359936843,"Boxplot values: 5718, 6401, 6546, 6542, 6684, 7213","Ignite Drop times on avg List(31.421296020226052, 46.54586056845092, 58.66276400077866, 70.27777456551829, 80.98189481391992, 89.50506153268593, 95.20789621651224, 98.30816021332022, 99.57461697078405, 99.92566824601006, 99.99012632128128, 99.99944859857833, 99.99978284640949)",1.0,1.0,0.07367674874377489
25295,5,100,0,3,2,1,5103.0,1092.0,36.27010529999999,202.18724791447042,"Boxplot values: 4399, 4967, 5104, 5103, 5241, 5860","Ignite Drop times on avg List(33.201546726028795, 46.934550149390844, 59.33285878842353, 71.42366106096979, 82.15545724579218, 90.48816139597938, 95.92334240150575, 98.63927874494011, 99.64049217328805, 99.94334321071584, 99.997129118232, 99.99981140028505, 99.99995187191391)",1.0,1.0,0.08023852212246631
25393,8,100,0,1,5,1,7588.0,1298.0,43.2930817,192.98937161983483,"Boxplot values: 6748, 7458, 7595, 7588, 7719, 8226","Ignite Drop times on avg List(36.96398884840126, 54.22336924855399, 68.82890996061974, 81.39876379220114, 90.68267714635358, 96.2798422988242, 98.85382962322431, 99.72358527821788, 99.96018670077201, 99.9953535827008)",1.0,1.0,0.037643613243260404
25838,8,100,0,3,4,1,7752.0,1382.0,46.072919200000385,185.78763286786432,"Boxplot values: 7019, 7629, 7760, 7752, 7883, 8370","Ignite Drop times on avg List(39.975671348013776, 59.155381903673046, 75.26982073398871, 87.32945220370823, 94.64744001202607, 98.14632533527892, 99.50580297335243, 99.89065661351829, 99.9859437868516, 99.99978628676459)",1.0,1.0,0.026134654198427667
26199,6,100,0,0,4,1,5692.0,1012.0,33.820369439999965,204.02397691136105,"Boxplot values: 4985, 5552, 5692, 5692, 5829, 6468","Ignite Drop times on avg List(29.007772688322444, 43.499453042859, 54.78632026700979, 65.83967354837506, 76.39377582013248, 85.72763902323392, 92.7734701669522, 97.0675362443585, 99.10615063058918, 99.79052765120612, 99.97079133705502, 99.99954835011239, 99.99999866158267)",1.0,1.0,0.09738593608092992
26324,3,100,0,0,1,1,2755.0,455.0,15.171124100000016,145.23753614628433,"Boxplot values: 2363, 2652, 2744, 2755, 2846, 3367","Ignite Drop times on avg List(22.2503338795626, 33.586829490068695, 42.81508099771165, 52.32402420675138, 61.9297387196909, 71.47550198841199, 80.773794023815, 88.76889667326083, 94.67951389548817, 98.07368681878961, 99.51764137606183, 99.91664977228281, 99.99003465558772, 99.99879065923778, 99.99997177671209)",1.0,1.0,0.33627782201392986
26530,3,100,0,2,0,1,3019.0,640.0,21.30275355999999,179.18368810024631,"Boxplot values: 2479, 2893, 3009, 3019, 3135, 3856","Ignite Drop times on avg List(24.09360778639457, 35.77019978168412, 45.266563919298825, 55.20157650509125, 65.08413749895848, 74.81099002629801, 83.84464037056857, 91.25899816463509, 96.24223250553256, 98.7446310902256, 99.69987135414581, 99.94451429454924, 99.99475958237649, 99.99967746411485)",1.0,1.0,0.23438023825046334
26593,4,100,0,1,2,1,3922.0,778.0,25.849794300000163,193.190068737525,"Boxplot values: 3283, 3788, 3915, 3922, 4049, 4772","Ignite Drop times on avg List(26.932483814081426, 39.03417698424922, 48.87820710279895, 58.89741796298645, 68.96432339638186, 78.6106813730567, 87.10320329113466, 93.63850174485552, 97.53144216969254, 99.28529048356319, 99.8522903411019, 99.97212222102779, 99.99668576877744, 99.99925318704783, 100.00007457196638)",1.0,1.0,0.17474554332994804
26635,6,100,0,0,6,1,5855.0,1114.0,37.268777039999684,202.9083603602288,"Boxplot values: 5137, 5717, 5858, 5855, 5995, 6609","Ignite Drop times on avg List(31.249746328073087, 46.3164301594563, 58.658778796211806, 70.65092070470557, 81.20142506650808, 89.7641563927874, 95.52187183777038, 98.41517412820234, 99.59741755019847, 99.92365089250666, 99.98872864223635, 99.9992150037287)",1.0,1.0,0.07546842511248499
26793,3,100,0,0,2,1,2849.0,520.0,17.307548499999907,161.94152044325355,"Boxplot values: 2359, 2734, 2837, 2849, 2950, 3572","Ignite Drop times on avg List(22.94778293093168, 34.28989659887739, 43.583645597013934, 53.193980945736136, 62.796859261105, 72.39785332743087, 81.50641465617292, 89.43480105943183, 95.17092964676583, 98.2659378032878, 99.53024308133047, 99.91320748960041, 99.98857491509077, 99.99985461198665)",1.0,1.0,0.29650871743949625
27151,4,100,0,3,0,1,4077.0,885.0,29.374160200000034,202.49432432889984,"Boxplot values: 3438, 3939, 4072, 4077, 4212, 4826","Ignite Drop times on avg List(28.547722344330488, 40.98752798588292, 51.652917806234385, 62.48315622179077, 72.94254069807242, 82.53230612418707, 90.37352818866673, 95.65988149142026, 98.49723392812628, 99.61596438962519, 99.93754975383011, 99.99029160793835, 99.99738130210109, 100.00043528211816)",1.0,1.0,0.138011550071303
27213,6,100,0,4,0,1,5966.0,1185.0,39.59074943999995,199.0804185234148,"Boxplot values: 5300, 5833, 5969, 5966, 6102, 6652","Ignite Drop times on avg List(32.84057797030874, 48.61302322061661, 62.129145022667956, 74.89869721206337, 85.36093555973198, 92.79508918427636, 97.19527702826754, 99.17004215271419, 99.80916276498806, 99.97238817376478, 99.996586098041, 99.99959059173763, 100.00016453137793)",1.0,1.0,0.060656657402576745
27486,4,100,0,2,1,1,4001.0,833.0,27.65363370000011,198.4416032302813,"Boxplot values: 3308, 3864, 3995, 4001, 4133, 4770","Ignite Drop times on avg List(27.813080972426985, 40.08283142809812, 50.34442319475808, 60.742760827224444, 71.09617321543826, 80.77277521815037, 88.98755914147715, 94.90397452305037, 98.10895841065705, 99.45952440315844, 99.88874229625601, 99.98674207474332, 99.99939241459094, 99.99995812965517)",1.0,1.0,0.1552961792930469
27535,6,100,0,4,2,1,6099.0,1259.0,42.10877770000023,195.2874992435111,"Boxplot values: 5339, 5969, 6103, 6099, 6236, 6757","Ignite Drop times on avg List(34.964283939008766, 51.79861948557856, 66.30116142607575, 79.22830895514551, 89.04738284155371, 95.30290403373375, 98.40507708968583, 99.614941636493, 99.92152628058929, 99.99131009672676, 100.00075060911992)",1.0,1.0,0.047005374605177896
27677,8,100,0,3,1,1,7573.0,1293.0,43.169946600000145,194.20533920037116,"Boxplot values: 6708, 7443, 7578, 7573, 7711, 8272","Ignite Drop times on avg List(36.90186578113182, 54.16700006873395, 68.84749024860268, 81.54745281726329, 90.70967476665761, 96.26681753319842, 98.794544973006, 99.70063986644247, 99.95227487482843, 99.99792110841265, 99.99987169208303)",1.0,1.0,0.038350153029746724
28020,4,100,0,0,2,1,3750.0,661.0,21.976667899999853,177.9221935316159,"Boxplot values: 3194, 3627, 3739, 3750, 3865, 4463","Ignite Drop times on avg List(25.377029855023828, 37.28235394463246, 46.62137739191455, 56.17801500796041, 65.73195303548268, 75.22778340017561, 84.060260207367, 91.39360794319683, 96.29523634721274, 98.81053609905476, 99.73425814141986, 99.96669601132336, 99.99304405856017, 99.99980647370204)",1.0,1.0,0.22319952656006148
28696,5,100,0,2,3,1,5036.0,1049.0,34.86013630000007,203.03466495241798,"Boxplot values: 4365, 4900, 5036, 5036, 5176, 5800","Ignite Drop times on avg List(32.24906370623731, 45.49371584595427, 57.376928465161356, 69.06412652858215, 79.88206137057044, 88.70218229143578, 94.82082666922575, 98.12769771642083, 99.48598348153972, 99.90510045324099, 99.9842349294965, 99.99812434480066, 100.00010307094226)",1.0,1.0,0.09030795748032514
28817,8,100,0,0,5,1,7468.0,1233.0,41.16762869999995,200.44832151445226,"Boxplot values: 6580, 7330, 7474, 7468, 7608, 8117","Ignite Drop times on avg List(35.04091478745818, 51.130506672732935, 64.75064744596449, 77.27715369509738, 87.4124638484696, 94.22958201405828, 97.91311007739957, 99.44062112534483, 99.88498437538838, 99.98433444206835, 99.99950557007992)",1.0,1.0,0.04816005404536349
29280,7,100,0,1,4,1,6690.0,1192.0,39.831032119999826,199.39580239581804,"Boxplot values: 5884, 6556, 6694, 6690, 6827, 7354","Ignite Drop times on avg List(33.336637535770286, 49.04742892793734, 62.36606731216998, 74.77566342640569, 85.37248326629684, 92.97249673057142, 97.30240962422921, 99.16213972453681, 99.81191961898071, 99.9664921645324, 99.99803922607913, 100.00011092978528)",1.0,1.0,0.05707237482760443
29431,6,100,0,5,0,1,6090.0,1254.0,41.873038899999926,195.99615143537812,"Boxplot values: 5225, 5959, 6095, 6090, 6224, 6701","Ignite Drop times on avg List(34.522758918104614, 51.267917911290105, 65.90666789045326, 78.78771561167203, 88.84992542457127, 95.15564469512042, 98.35637311792236, 99.57649670083948, 99.91519445938376, 99.98451949204981, 99.99816160873614, 99.99999644936385)",1.0,1.0,0.04743605389344156
29619,5,100,0,2,2,1,4959.0,1001.0,33.179938000000035,203.14438051599876,"Boxplot values: 4306, 4818, 4957, 4959, 5095, 5642","Ignite Drop times on avg List(31.4052669290304, 44.33239219002443, 55.81344266449857, 67.16222472624875, 77.69184960803926, 86.83433311280784, 93.4752657648176, 97.4381272791706, 99.24868417081424, 99.83622093133958, 99.97170658790654, 99.99637411963688, 99.99979513441633)",1.0,1.0,0.10255734143394726
29661,6,100,0,0,0,1,5353.0,791.0,26.47062594000013,185.48311339182706,"Boxplot values: 4769, 5223, 5347, 5353, 5476, 6204","Ignite Drop times on avg List(25.095728446356905, 39.31798286535352, 48.94449373356649, 58.58417755715061, 68.08349039059198, 77.44428504050806, 85.96211702973332, 92.82376045770182, 97.14833289807797, 99.17018929935331, 99.82822869363787, 99.97825147382174, 99.99952820257202, 99.99991693993454)",1.0,1.0,0.16216538405528932
29934,8,100,0,6,1,1,7893.0,1448.0,48.27090730000001,174.09932048532787,"Boxplot values: 7189, 7779, 7899, 7893, 8012, 8491","Ignite Drop times on avg List(43.09924934361106, 64.57130748553912, 80.97876402893604, 91.6142000786097, 97.0281066994898, 99.20807374770517, 99.83560081247533, 99.97567992741936, 99.99676754637046, 99.99953308213853, 99.99990935821702)",1.0,1.0,0.018313869394202133
30119,7,100,0,2,2,1,6682.0,1189.0,39.733508539999725,202.043711248334,"Boxplot values: 5870, 6546, 6685, 6682, 6821, 7329","Ignite Drop times on avg List(33.29103470366554, 49.29183903423133, 62.624634141399035, 74.87778683950873, 85.26209233190686, 92.72475086572211, 97.11258305086865, 99.1310125376794, 99.79432638066085, 99.96461370462067, 99.99790219671365, 100.00022258424389)",1.0,1.0,0.057601138569645216
30242,5,100,0,1,3,1,4885.0,953.0,31.636865700000023,199.933450654202,"Boxplot values: 4207, 4746, 4882, 4885, 5022, 5660","Ignite Drop times on avg List(30.492613117438975, 43.202015874781736, 54.109424160780456, 64.95541919587828, 75.55619266950957, 84.93220416347556, 92.24476753539862, 96.82817368751671, 98.9937877079661, 99.77342244665414, 99.97072403050817, 99.99655564173601, 99.99929951287703, 99.99997165911388, 100.00033421264085)",1.0,1.0,0.11542764976872451
30785,7,100,0,0,5,1,6629.0,1155.0,38.60549770000009,204.98425718816375,"Boxplot values: 5822, 6490, 6630, 6629, 6769, 7380","Ignite Drop times on avg List(32.61420362390979, 48.148145844035476, 60.83947604792826, 72.91328806722672, 83.47612541481759, 91.506058906327, 96.49483778300663, 98.8521526904852, 99.7308809791089, 99.97464797803293, 100.00269371006048, 100.00007725320312)",1.0,1.0,0.06424999154129964
31074,8,100,0,2,4,1,7643.0,1328.0,44.30343719999996,191.88831236818,"Boxplot values: 6886, 7518, 7648, 7643, 7777, 8253","Ignite Drop times on avg List(37.972975920554774, 55.87774747066338, 71.13438165407337, 83.65991203711172, 92.31124640930945, 97.19410813956917, 99.1792296973985, 99.81615618271526, 99.97235925032605, 99.99984152590378, 100.00054428294105)",1.0,1.0,0.03343585405894867
31917,5,100,0,1,1,1,4716.0,843.0,27.968441600000123,195.34408855269646,"Boxplot values: 4049, 4580, 4708, 4716, 4848, 5504","Ignite Drop times on avg List(28.789034004712484, 41.15090540855462, 51.14835506193302, 61.3596514512564, 71.39758250230781, 80.90858412736411, 89.08649262612776, 94.89586292329489, 98.1638403112546, 99.5186851347687, 99.9192238033344, 99.99300969103633, 100.00006282229873)",1.0,1.0,0.14886456127337264
32067,8,100,0,2,2,1,7516.0,1262.0,42.11926290000018,196.58661500782944,"Boxplot values: 6696, 7385, 7520, 7516, 7655, 8166","Ignite Drop times on avg List(35.7039210418065, 52.366832701136495, 66.62093960625168, 79.33715821364272, 89.13884174245297, 95.32530906833222, 98.420503570505, 99.58966752162881, 99.91952395234928, 99.99167865152445, 99.99871523912077)",1.0,1.0,0.0431763557146304
32214,8,100,0,2,6,1,7760.0,1385.0,46.244124300000216,185.44930929848798,"Boxplot values: 7029, 7637, 7768, 7760, 7887, 8305","Ignite Drop times on avg List(40.10749405375301, 59.513872278820166, 75.47735073942428, 87.55396532548737, 94.73134115754097, 98.18841790507598, 99.51422856232087, 99.90186296829661, 99.98129019912899, 99.9975076421747, 100.0004022740116)",1.0,1.0,0.025892790582890544
32364,7,100,0,0,6,1,6699.0,1196.0,39.90387477999989,200.3862771495209,"Boxplot values: 5965, 6562, 6702, 6699, 6840, 7416","Ignite Drop times on avg List(33.55457965413031, 49.34835913433715, 62.65283491808243, 75.15299318409316, 85.63814988830586, 93.03787391277069, 97.26799232910959, 99.20167601167635, 99.8291386487813, 99.97209816932089, 99.99648036399957, 99.99972540172497, 100.00028574097904)",1.0,1.0,0.05654846500168128
32409,8,100,0,0,2,1,7249.0,1105.0,36.907564100000045,200.106551878756,"Boxplot values: 6554, 7111, 7247, 7249, 7386, 7949","Ignite Drop times on avg List(31.910671247752646, 46.89851704300353, 58.75262620421448, 70.34807338322845, 80.85095821524193, 89.46105727214606, 95.30923967460119, 98.39799869854225, 99.578871436716, 99.92648999947971, 99.99003386204787, 100.00019800328647)",1.0,1.0,0.07067036083728553
32419,8,100,0,1,0,1,7241.0,1102.0,36.83014609999999,205.78055504772962,"Boxplot values: 6486, 7104, 7239, 7241, 7381, 8092","Ignite Drop times on avg List(31.67390582194329, 46.945309188431594, 58.766764899571776, 70.18859463237222, 80.79894767448046, 89.44558102566467, 95.26908089408481, 98.2828871376291, 99.54658280412657, 99.90115240729821, 99.98168857683356, 99.99850346411742, 99.9999825731146)",1.0,1.0,0.0713304901087405
32474,3,100,0,0,0,1,2660.0,390.0,13.025225179999913,129.684236156559,"Boxplot values: 2292, 2568, 2648, 2660, 2739, 3379","Ignite Drop times on avg List(21.89629133874899, 33.03501228042356, 42.28828099246958, 51.982142170308784, 61.872523560633454, 71.66449276464637, 81.12262203891648, 89.17949135744325, 95.01316303791683, 98.2929873972519, 99.57165276336706, 99.93272939225777, 99.99299798157436, 99.99955353004486)",1.0,1.0,0.38138094068518325
32972,7,100,0,6,0,1,7023.0,1373.0,45.834213700000284,181.8043802603566,"Boxplot values: 6240, 6905, 7029, 7023, 7150, 7703","Ignite Drop times on avg List(39.391853001517276, 58.2369505511094, 74.47377634678419, 86.8524789548528, 94.60785034923306, 98.2025423643545, 99.54505235560086, 99.91771492482513, 99.98970205885554, 99.99987905201343, 99.99985979488956)",1.0,1.0,0.027780370736964956
33527,8,100,0,5,0,1,7739.0,1379.0,46.000308200000255,183.2948706654452,"Boxplot values: 7018, 7617, 7745, 7739, 7867, 8340","Ignite Drop times on avg List(40.00728178303013, 59.00907388783272, 75.13959918459057, 87.21882551325888, 94.70797109216511, 98.27833142236706, 99.57254943633295, 99.92835725851745, 99.99528459300377, 100.00046475319097)",1.0,1.0,0.026625180250693836
33880,6,100,0,1,3,1,5767.0,1062.0,35.468847039999915,204.0148207333925,"Boxplot values: 5091, 5626, 5767, 5767, 5905, 6473","Ignite Drop times on avg List(30.065990016997244, 44.879464851752175, 56.691373365589676, 68.16957784230686, 78.92419304819082, 87.88602658187317, 94.23477732389819, 97.85661986566365, 99.42974328999111, 99.89629798944827, 99.98885387382366, 99.99856778595607, 100.00041323922144)",1.0,1.0,0.08651507743316718
33985,8,100,0,2,3,1,7579.0,1294.0,43.17267900000015,194.49189916215684,"Boxplot values: 6828, 7450, 7584, 7579, 7711, 8239","Ignite Drop times on avg List(36.79346882691559, 53.86442137004274, 68.67703657467727, 81.34724867754386, 90.65593388213213, 96.21244464721552, 98.82242828122223, 99.73140065111218, 99.95597827574372, 99.9931670565047, 99.99846679903074, 99.99993611614728)",1.0,1.0,0.03799524086608265
34162,6,100,0,3,2,1,5974.0,1187.0,39.6658517200001,199.54678649798413,"Boxplot values: 5229, 5840, 5975, 5974, 6112, 6606","Ignite Drop times on avg List(32.87283100740984, 48.59920956882556, 62.024773138410566, 74.57716825461455, 85.21978817749878, 92.7443675113148, 97.20433903462012, 99.1548352865798, 99.80019684360487, 99.96926259650513, 99.99593413097689, 99.99979534992262)",1.0,1.0,0.06010594620519768
34486,8,100,0,3,0,1,7507.0,1258.0,41.995343500000175,198.140212372564,"Boxplot values: 6777, 7371, 7511, 7507, 7645, 8179","Ignite Drop times on avg List(35.63194125705476, 52.52708824489636, 66.57522057475069, 79.04700039609435, 88.764804393951, 95.05644528406317, 98.31010372054749, 99.57391811532615, 99.92208737531425, 99.9850224233496, 99.99779849226337, 99.9999790450032)",1.0,1.0,0.04357966448374228
34650,6,100,0,0,1,1,5441.0,849.0,28.40835250000015,195.70996911828445,"Boxplot values: 4819, 5304, 5437, 5441, 5569, 6168","Ignite Drop times on avg List(26.02112558890933, 40.21276003344381, 50.202542016571435, 60.168202309143254, 69.93872951547834, 79.44644536884665, 87.71377603174464, 94.06542140693297, 97.80501439634239, 99.3855314141747, 99.87391378896176, 99.98588202946333, 100.00056064659107, 100.00043632296973)",1.0,1.0,0.14275544329643777
35754,5,100,0,1,0,1,4626.0,782.0,25.995244000000238,191.27828634831425,"Boxplot values: 4004, 4490, 4616, 4626, 4752, 5630","Ignite Drop times on avg List(28.025673543039236, 40.260632079028476, 50.00627230219722, 59.91372154181069, 69.69142098961241, 79.09082353530074, 87.48869002070438, 93.84624410256924, 97.62190535640501, 99.31694419862991, 99.84916185198468, 99.9810743835895, 99.99758846933616, 99.99985512217407)",1.0,1.0,0.16905657113609515
35988,8,100,0,1,1,1,7317.0,1147.0,38.31209359999973,202.26791315986299,"Boxplot values: 6485, 7178, 7314, 7317, 7454, 8032","Ignite Drop times on avg List(32.820864943596234, 48.15088035325167, 60.690017239711274, 72.54575609304857, 83.08565571948782, 91.18309153245083, 96.28122258591782, 98.73997176935951, 99.70952900233233, 99.95350413342, 99.99893482644278)",1.0,1.0,0.06277091032624961
36341,8,100,0,4,0,1,7629.0,1324.0,44.167601500000174,191.02454961031418,"Boxplot values: 6869, 7501, 7635, 7629, 7764, 8230","Ignite Drop times on avg List(37.700839961563034, 55.578564680428386, 70.93063827796921, 83.39966684015874, 92.09343100952226, 96.9770071800337, 99.11701098864258, 99.80009001480586, 99.96304322094389, 99.99606337256922, 99.99969290551354)",1.0,1.0,0.03406341765214405
36721,8,100,0,5,3,1,7897.0,1448.0,48.33008400000024,174.44660638139922,"Boxplot values: 7103, 7782, 7906, 7897, 8020, 8433","Ignite Drop times on avg List(43.40725191382048, 64.7338027710541, 81.27406262711251, 91.72206559217355, 97.13550298957189, 99.20120642165953, 99.8304014374348, 99.9735950040317, 99.9944219591512, 99.9988673509679, 99.99976596731582)",1.0,1.0,0.018144383368769168
36835,5,100,0,0,2,1,4636.0,787.0,26.143122500000125,190.44130513599296,"Boxplot values: 4007, 4503, 4628, 4636, 4760, 5325","Ignite Drop times on avg List(28.05238500269615, 40.30112200769713, 49.97246788583635, 59.745066180520716, 69.54329313580787, 78.90144137050096, 87.2335519046969, 93.68597032017696, 97.56235875894026, 99.3279695282051, 99.87524473248683, 99.9854822400908, 99.99787720302737, 99.99956245541846, 100.00042984532269)",1.0,1.0,0.16754613761809117
37175,5,100,0,1,2,1,4803.0,899.0,29.842766799999968,198.64557166389648,"Boxplot values: 4156, 4667, 4794, 4803, 4935, 5662","Ignite Drop times on avg List(29.872403743366398, 42.317583868322984, 52.80510510747946, 63.315723124838804, 73.66829808337333, 83.13179544951964, 90.85242246648066, 96.05246321287515, 98.69983729815621, 99.67507169155421, 99.94214180722241, 99.98732785961329, 100.00064751193362)",1.0,1.0,0.13108427228938524
37411,6,100,0,2,4,1,5984.0,1192.0,39.893249,200.8470081776354,"Boxplot values: 5072, 5851, 5988, 5984, 6121, 6696","Ignite Drop times on avg List(33.059675619210864, 48.87650745289855, 62.37108197485144, 74.83567772418465, 85.53927626912096, 93.13294864766605, 97.37106733643803, 99.19308639461484, 99.81323479354486, 99.96859455684019, 99.99888078451622, 100.00025535835967)",1.0,1.0,0.05956023500016744
37474,7,100,0,4,0,1,6797.0,1255.0,41.910880440000064,195.24353089378482,"Boxplot values: 6052, 6665, 6799, 6797, 6931, 7451","Ignite Drop times on avg List(35.2333173804336, 51.920407806839066, 66.26160526033826, 79.02565902393249, 88.86933288789525, 95.09028252598598, 98.33552424719558, 99.57030668575524, 99.92676717235432, 99.99598095473917, 99.99951633053766)",1.0,1.0,0.045450305512114896
37771,8,100,0,4,1,1,7684.0,1350.0,45.03574570000025,189.8561011323629,"Boxplot values: 6963, 7557, 7689, 7684, 7817, 8305","Ignite Drop times on avg List(38.908444844838385, 57.09098229583893, 72.69609959464657, 85.16450341296269, 93.30855785164333, 97.54730696292825, 99.32853965807728, 99.85097634607575, 99.98247718797491, 99.99749445916935)",1.0,1.0,0.0299758452744224
38384,8,100,0,2,5,1,7699.0,1356.0,45.203636500000144,188.2457257951959,"Boxplot values: 6865, 7573, 7702, 7699, 7831, 8254","Ignite Drop times on avg List(38.91375575182992, 57.483485149481275, 72.9165374231274, 85.4237154047511, 93.47399035913298, 97.67825214812488, 99.36556285287395, 99.86359797284581, 99.97715767658217, 99.99537271499331, 99.9999696989697)",1.0,1.0,0.029423588617101905
38787,8,100,0,4,3,1,7796.0,1403.0,46.785139500000064,183.3569575286159,"Boxplot values: 7042, 7675, 7802, 7796, 7925, 8357","Ignite Drop times on avg List(41.04339038694986, 60.88842304315488, 77.14612086068729, 88.84084293420564, 95.51183147127102, 98.53217953253765, 99.63281889156154, 99.94276447437596, 99.99675702123818, 100.00010938659288)",1.0,1.0,0.023213353033164696
39429,5,100,0,0,0,1,4453.0,665.0,22.0944899999998,175.07243699846728,"Boxplot values: 3839, 4329, 4446, 4453, 4568, 5200","Ignite Drop times on avg List(26.335797236478637, 38.56567242954199, 47.68916074777614, 56.98207053088634, 66.28578034253745, 75.51125087670214, 84.23536104688235, 91.49817662496824, 96.40563955381218, 98.87935742652748, 99.77796716971949, 99.96984947943696, 99.99765130067239, 99.99944327869262)",1.0,1.0,0.21608065588738412
39686,7,100,0,4,1,1,6864.0,1292.0,43.122635600000194,192.75279510075194,"Boxplot values: 6118, 6731, 6868, 6864, 6996, 7475","Ignite Drop times on avg List(36.199975951194496, 53.642678330789764, 68.58465577560196, 81.27400416973656, 90.66636360146745, 96.28045033021067, 98.86172216408863, 99.70941558314246, 99.95176007291661, 99.99892719945636, 99.99842541164523, 99.99874896390452, 99.9999556252433)",1.0,1.0,0.040002262240228806
40105,6,100,0,0,2,1,5531.0,909.0,30.386889280000076,199.74254490235404,"Boxplot values: 4882, 5393, 5527, 5531, 5663, 6329","Ignite Drop times on avg List(27.02628464920564, 41.4471607663662, 51.8178629885077, 62.05515645100556, 72.05874643690291, 81.54968961559842, 89.55794438488056, 95.1923423976638, 98.3096506053327, 99.54607360372054, 99.915679584628, 99.99496695103585, 99.9991386979718, 99.99988855453259)",1.0,1.0,0.12566872214735
40243,4,100,0,0,4,1,3931.0,782.0,26.06474310000005,192.51863084320408,"Boxplot values: 3340, 3795, 3926, 3931, 4057, 4748","Ignite Drop times on avg List(27.126117756210814, 39.2006538414926, 49.037912892074694, 59.02925421096304, 68.96973421520647, 78.48200117812893, 86.96026335496781, 93.44398445554538, 97.4208889161135, 99.2627203243399, 99.85794668741363, 99.9824786740479, 100.00012868315154, 100.00037675629878)",1.0,1.0,0.17322462207778602
40368,8,100,0,7,0,1,7932.0,1464.0,48.77382070000032,169.73235331923854,"Boxplot values: 7182, 7819, 7940, 7932, 8053, 8434","Ignite Drop times on avg List(44.19260373138956, 66.13027972056437, 82.60991982959182, 92.87335679485133, 97.62249320955766, 99.39689343721264, 99.87290389415455, 99.98007404823163, 99.99877146848961)",1.0,1.0,0.016266766432917294
40419,4,100,0,4,0,1,4234.0,987.0,32.88496529999997,201.42765764775933,"Boxplot values: 3552, 4098, 4232, 4234, 4370, 4970","Ignite Drop times on avg List(30.28307361308726, 43.24946404614279, 54.916730601233056, 66.37566810612881, 77.27262913980198, 86.65529732243347, 93.48830380347758, 97.44255173533618, 99.20419486643233, 99.80937779369128, 99.95920684495569, 99.99461567233323, 99.9996982968539, 100.00029829685388)",1.0,1.0,0.10805087123035843
40662,5,100,0,3,1,1,5029.0,1047.0,34.706286999999726,204.04808135425824,"Boxplot values: 4294, 4890, 5033, 5029, 5168, 5758","Ignite Drop times on avg List(32.32898640829171, 45.53309023090309, 57.43483416183461, 69.05208591721052, 79.94172380689653, 88.7521242525278, 94.7915528316038, 98.11560023041643, 99.45256054841633, 99.89793421739073, 99.98271703946651, 100.00004883504019, 100.00056330772904)",1.0,1.0,0.0911220864591243
40673,5,100,0,5,0,1,5231.0,1171.0,38.87681490000005,196.9764721333413,"Boxplot values: 4557, 5100, 5230, 5231, 5366, 5898","Ignite Drop times on avg List(34.877720701160314, 49.81562461477149, 63.337202142158674, 75.92328915472875, 86.35162892344577, 93.50810076642283, 97.48768849755189, 99.23491967162497, 99.82372368643992, 99.97189216392412, 99.9966910124525, 99.99926876975742, 99.99984455080869)",1.0,1.0,0.06334272217138054
41250,6,100,0,4,1,1,6032.0,1222.0,40.801676959999966,197.1765444089621,"Boxplot values: 5277, 5901, 6036, 6032, 6167, 6662","Ignite Drop times on avg List(33.709466373075216, 50.02738595689379, 64.17369342889545, 76.9117032462318, 87.18453486301753, 94.08228731261602, 97.84365977442003, 99.42177630686662, 99.87983158802747, 99.98015184922895, 99.99890061254605)",1.0,1.0,0.05339652520067253
41729,4,100,0,0,3,1,3843.0,724.0,24.039351600000078,187.50944300385396,"Boxplot values: 3197, 3710, 3835, 3843, 3965, 4563","Ignite Drop times on avg List(26.171204104491846, 38.1491427639821, 47.853046226379305, 57.62140403890562, 67.37184463397254, 76.84836707480979, 85.5602808691904, 92.4462197578773, 96.90109362145839, 99.0355037424222, 99.80992527848716, 99.97051512509866, 99.99522564930292, 100.00034019395243)",1.0,1.0,0.19663075455357287
